date,lockrot,kind,repo,package,tag,version,commit,packages,advisories,abandoned,silent,pinned,left-behind,old-promise,stale,unknown,marked_on_packagist,name,composer_missed
2026-09-21,0.10.0,release,coollabsio/coolify,,v4.3.23,,e2e2d4010bcd590084b66d6f748f3eec8e2bbee9,161,1,0,2,0,0,2,5,0,0,coolify,
2026-09-21,0.10.0,release,appwrite/appwrite,,2.2.0,,51055258e99ba4b96398c7fc1180afb281fe3402,91,0,2,1,0,0,2,0,3,2,appwrite,
2026-09-21,0.10.0,release,bagisto/bagisto,,v2.4.11,,9beff85ece6fe13378a97e6f84765b50647d3327,167,0,0,0,0,2,2,5,0,0,bagisto,
2026-09-21,0.10.0,release,monicahq/monica,,v4.1.2,,32028ce3ce79cef38df5d27a297e5b20680f0065,181,20,7,2,1,16,21,4,0,7,monica,
2026-09-21,0.10.0,release,firefly-iii/firefly-iii,,v6.7.3,,99f9b7477d064b1d1729a4348e43fffef1b385ce,132,0,0,1,1,0,4,5,0,0,firefly-iii,
2026-09-21,0.10.0,release,matomo-org/matomo,,5.13.0,,04c528673024239d858998eebc34e1f8afa1acf3,55,0,1,4,2,6,11,0,0,1,matomo,
2026-09-21,0.10.0,release,BookStackApp/BookStack,,v26.05.5,,771a2d04927dab0ce07edc5874aeb18896f830c4,113,0,0,0,0,0,1,3,0,0,bookstack,
2026-09-21,0.10.0,release,grokability/snipe-it,,v8.7.2,,f3f1dd722b167587c7819f3c518cc5b14475f89f,166,11,1,5,1,5,7,4,0,1,snipe-it,
2026-09-21,0.10.0,release,wallabag/wallabag,,2.6.14,,74cbfd945bc316b5cf0308ba56e32fd2ed3443c0,210,19,27,10,1,54,37,3,0,27,wallabag,
2026-09-21,0.10.0,release,magento/magento2,,2.4.9,,755e34dd689021c5165db9d35ecff74f7dc51527,148,14,4,0,0,1,6,3,0,4,magento2,
2026-09-21,0.10.0,release,mautic/mautic,,7.2.0,,504af18cf90d8fbe701fde55cb1a94603db9e21a,193,2,2,2,1,10,14,3,0,2,mautic,
2026-09-21,0.10.0,release,akaunting/akaunting,,3.2.4,,3940b76b12cb86592dcb44147e8912742945a4c9,183,3,16,0,0,7,9,8,0,16,akaunting,
2026-09-21,0.10.0,release,invoiceninja/invoiceninja,,v5.13.43,,382020072bc79e8c7ede49f7e9ce91b0aeb1a051,245,0,0,0,2,7,7,8,0,0,invoiceninja,
2026-09-21,0.10.0,release,PrestaShop/PrestaShop,,9.1.5,,aee413eedd5fdc5053f28fb998da4b7e286cf641,227,1,4,3,0,8,28,6,2,4,prestashop,
2026-09-21,0.10.0,release,moodle/moodle,,v5.2.3,,344232c15336c71b80f9aca8359ce0e0a9f3d116,48,6,0,1,0,0,4,0,0,0,moodle,
2026-09-21,0.10.0,release,phpmyadmin/phpmyadmin,,RELEASE_5_2_3,,962857e4f63d42e38f11ff4d63f5e722018add76,58,4,2,1,0,9,13,0,1,2,phpmyadmin,
2026-09-21,0.10.0,release,phpbb/phpbb,,release-3.3.17,,3508484fdc18cd97eeab229da830055c79fcc59e,40,10,4,1,0,16,5,1,0,4,phpbb,
2026-09-21,0.10.0,release,joomla/joomla-cms,,6.1.3,,0f2d4de4729eb951e0878fec98c7990da07915b2,89,1,2,0,2,2,4,1,1,2,joomla-cms,
2026-09-21,0.10.0,release,drupal/drupal,,11.4.7,,e0e7bfbc2d29f74e97ce98fd33df79aa97bed4e4,66,2,0,1,0,0,1,0,5,0,drupal,
2026-09-21,0.10.0,release,TYPO3/typo3,,v14.3.7,,07f4dc8267d1824a3021c00cd36c5ad8ee7f84a1,77,0,0,0,0,0,0,1,0,0,typo3,
2026-09-21,0.10.0,starter,,laravel/laravel,,v13.10.1,,76,0,0,0,0,0,0,1,0,0,new-laravel,
2026-09-21,0.10.0,starter,,symfony/skeleton,,v8.1.99,,1,0,0,0,0,0,0,0,0,0,new-symfony,
2026-09-21,0.10.0,starter,,symfony/skeleton,,v8.1.99,,133,0,0,0,0,0,0,2,0,0,new-symfony-webapp,
2026-09-21,0.10.0,starter,,symfony/skeleton,,v8.1.99,,47,0,0,0,0,0,1,0,0,0,new-api-platform,
2026-09-21,0.10.0,starter,,drupal/recommended-project,,11.4.7,,68,0,0,1,0,0,1,0,0,0,new-drupal,
2026-09-21,0.10.0,starter,,roots/bedrock,,1.31.5,,15,0,0,0,0,0,1,0,0,0,new-wordpress,
2026-09-21,0.10.0,starter,,shopware/production,,v6.7.14.1,,173,0,0,0,0,0,5,3,0,0,new-shopware,
2026-09-21,0.10.0,starter,,sylius/sylius-standard,,v2.2.4,,195,0,3,0,0,1,5,1,0,3,new-sylius,
2026-09-21,0.10.0,starter,,typo3/cms-base-distribution,,v14.3.0,,106,0,0,0,0,0,0,1,0,0,new-typo3,
2026-09-21,0.10.0,starter,,craftcms/craft,,5.8.0,,111,0,0,2,0,1,7,3,0,0,new-craft,
2026-09-21,0.10.0,starter,,statamic/statamic,,v6.5.1,,123,0,0,1,0,0,2,4,0,0,new-statamic,
2026-09-21,0.10.0,starter,,pimcore/skeleton,,v2026.2.0,,187,0,1,1,0,0,6,4,0,1,new-pimcore,
2026-09-21,0.10.0,starter,,slim/slim-skeleton,,4.5.0,,16,0,0,1,0,1,0,0,0,0,new-slim,
2026-09-21,0.10.0,starter,,cakephp/app,,5.4.0,,20,0,0,0,0,0,0,0,0,0,new-cakephp,
2026-09-21,0.10.0,starter,,yiisoft/yii2-app-basic,,2.0.55,,25,0,0,0,0,1,1,0,4,0,new-yii2,
2026-09-23,0.11.0,release,coollabsio/coolify,,v4.3.23,,e2e2d4010bcd590084b66d6f748f3eec8e2bbee9,161,1,0,2,0,0,0,5,0,0,coolify,
2026-09-23,0.11.0,release,appwrite/appwrite,,2.2.0,,51055258e99ba4b96398c7fc1180afb281fe3402,91,0,2,1,0,0,0,1,3,2,appwrite,
2026-09-23,0.11.0,release,bagisto/bagisto,,v2.4.12,,805b67013134ebc53f1da1285f0aa6632f5dde62,167,0,0,0,0,2,1,6,0,0,bagisto,
2026-09-23,0.11.0,release,monicahq/monica,,v4.1.2,,32028ce3ce79cef38df5d27a297e5b20680f0065,181,20,7,2,1,16,2,6,0,7,monica,
2026-09-23,0.11.0,release,firefly-iii/firefly-iii,,v6.7.3,,99f9b7477d064b1d1729a4348e43fffef1b385ce,132,0,0,1,1,0,0,6,0,0,firefly-iii,
2026-09-23,0.11.0,release,matomo-org/matomo,,5.14.0,,9499b8a35efce4bb2d655ca24d9153576dcae39c,55,0,1,4,2,6,0,1,0,1,matomo,
2026-09-23,0.11.0,release,BookStackApp/BookStack,,v26.05.5,,771a2d04927dab0ce07edc5874aeb18896f830c4,113,0,0,0,0,0,0,3,0,0,bookstack,
2026-09-23,0.11.0,release,grokability/snipe-it,,v8.7.2,,f3f1dd722b167587c7819f3c518cc5b14475f89f,166,11,1,5,1,5,1,5,0,1,snipe-it,
2026-09-23,0.11.0,release,wallabag/wallabag,,2.6.14,,74cbfd945bc316b5cf0308ba56e32fd2ed3443c0,210,19,27,10,1,54,3,7,0,27,wallabag,
2026-09-23,0.11.0,release,magento/magento2,,2.4.9,,755e34dd689021c5165db9d35ecff74f7dc51527,148,14,4,0,0,1,1,5,0,4,magento2,
2026-09-23,0.11.0,release,mautic/mautic,,7.2.0,,504af18cf90d8fbe701fde55cb1a94603db9e21a,193,2,2,2,1,10,2,6,0,2,mautic,
2026-09-23,0.11.0,release,akaunting/akaunting,,3.2.4,,3940b76b12cb86592dcb44147e8912742945a4c9,183,3,16,0,0,7,2,10,0,16,akaunting,
2026-09-23,0.11.0,release,invoiceninja/invoiceninja,,v5.13.43,,382020072bc79e8c7ede49f7e9ce91b0aeb1a051,245,0,0,0,2,7,2,9,0,0,invoiceninja,
2026-09-23,0.11.0,release,PrestaShop/PrestaShop,,9.1.5,,aee413eedd5fdc5053f28fb998da4b7e286cf641,227,1,4,3,0,8,3,17,2,4,prestashop,
2026-09-23,0.11.0,release,moodle/moodle,,v5.2.3,,344232c15336c71b80f9aca8359ce0e0a9f3d116,48,6,0,1,0,0,2,1,0,0,moodle,
2026-09-23,0.11.0,release,phpmyadmin/phpmyadmin,,RELEASE_5_2_3,,962857e4f63d42e38f11ff4d63f5e722018add76,58,4,2,1,0,9,2,0,1,2,phpmyadmin,
2026-09-23,0.11.0,release,phpbb/phpbb,,release-3.3.17,,3508484fdc18cd97eeab229da830055c79fcc59e,40,10,4,1,0,16,1,2,0,4,phpbb,
2026-09-23,0.11.0,release,joomla/joomla-cms,,6.1.3,,0f2d4de4729eb951e0878fec98c7990da07915b2,89,1,2,0,2,2,0,4,1,2,joomla-cms,
2026-09-23,0.11.0,release,drupal/drupal,,11.4.7,,e0e7bfbc2d29f74e97ce98fd33df79aa97bed4e4,66,2,0,1,0,0,0,1,5,0,drupal,
2026-09-23,0.11.0,release,TYPO3/typo3,,v14.3.7,,07f4dc8267d1824a3021c00cd36c5ad8ee7f84a1,77,0,0,0,0,0,0,1,0,0,typo3,
2026-09-23,0.11.0,starter,,laravel/laravel,,v13.10.1,,76,0,0,0,0,0,0,1,0,0,new-laravel,
2026-09-23,0.11.0,starter,,symfony/skeleton,,v8.1.99,,1,0,0,0,0,0,0,0,0,0,new-symfony,
2026-09-23,0.11.0,starter,,symfony/skeleton,,v8.1.99,,133,0,0,0,0,0,0,2,0,0,new-symfony-webapp,
2026-09-23,0.11.0,starter,,symfony/skeleton,,v8.1.99,,47,0,0,0,0,0,0,1,0,0,new-api-platform,
2026-09-23,0.11.0,starter,,drupal/recommended-project,,11.4.7,,68,0,0,1,0,0,0,1,0,0,new-drupal,
2026-09-23,0.11.0,starter,,roots/bedrock,,1.31.6,,15,0,0,0,0,0,1,0,0,0,new-wordpress,
2026-09-23,0.11.0,starter,,shopware/production,,v6.7.14.2,,173,0,0,0,0,0,0,5,0,0,new-shopware,
2026-09-23,0.11.0,starter,,sylius/sylius-standard,,v2.2.4,,195,0,3,0,0,1,1,4,0,3,new-sylius,
2026-09-23,0.11.0,starter,,typo3/cms-base-distribution,,v14.3.0,,106,0,0,0,0,0,0,1,0,0,new-typo3,
2026-09-23,0.11.0,starter,,craftcms/craft,,5.8.0,,111,0,0,2,0,1,2,7,0,0,new-craft,
2026-09-23,0.11.0,starter,,statamic/statamic,,v6.5.1,,123,0,0,1,0,0,0,6,0,0,new-statamic,
2026-09-23,0.11.0,starter,,pimcore/skeleton,,v2026.2.0,,187,0,1,1,0,0,2,6,0,1,new-pimcore,
2026-09-23,0.11.0,starter,,slim/slim-skeleton,,4.5.0,,16,0,0,1,0,1,0,0,0,0,new-slim,
2026-09-23,0.11.0,starter,,cakephp/app,,5.4.0,,20,0,0,0,0,0,0,0,0,0,new-cakephp,
2026-09-23,0.11.0,starter,,yiisoft/yii2-app-basic,,2.0.55,,25,0,0,0,0,1,1,0,4,0,new-yii2,
2026-09-24,0.12.0,release,coollabsio/coolify,,v4.3.23,,e2e2d4010bcd590084b66d6f748f3eec8e2bbee9,161,1,0,2,0,0,0,5,0,0,coolify,
2026-09-24,0.12.0,release,appwrite/appwrite,,2.3.0,,d66a7eff038e75f0066b3232d6a4e1b9eac7a64e,84,0,2,1,0,0,0,1,4,2,appwrite,
2026-09-24,0.12.0,release,bagisto/bagisto,,v2.4.12,,805b67013134ebc53f1da1285f0aa6632f5dde62,167,0,0,0,0,2,1,6,0,0,bagisto,
2026-09-24,0.12.0,release,monicahq/monica,,v4.1.2,,32028ce3ce79cef38df5d27a297e5b20680f0065,181,20,7,2,1,16,2,6,0,7,monica,
2026-09-24,0.12.0,release,firefly-iii/firefly-iii,,v6.7.3,,99f9b7477d064b1d1729a4348e43fffef1b385ce,132,0,0,1,1,0,0,6,0,0,firefly-iii,
2026-09-24,0.12.0,release,matomo-org/matomo,,5.14.0,,9499b8a35efce4bb2d655ca24d9153576dcae39c,55,0,1,4,2,6,0,1,0,1,matomo,
2026-09-24,0.12.0,release,BookStackApp/BookStack,,v26.05.5,,771a2d04927dab0ce07edc5874aeb18896f830c4,113,0,0,0,0,0,0,3,0,0,bookstack,
2026-09-24,0.12.0,release,grokability/snipe-it,,v8.7.2,,f3f1dd722b167587c7819f3c518cc5b14475f89f,166,11,1,5,1,5,1,5,0,1,snipe-it,
2026-09-24,0.12.0,release,wallabag/wallabag,,2.6.14,,74cbfd945bc316b5cf0308ba56e32fd2ed3443c0,210,19,27,10,1,54,3,7,0,27,wallabag,
2026-09-24,0.12.0,release,magento/magento2,,2.4.9,,755e34dd689021c5165db9d35ecff74f7dc51527,148,14,4,0,0,1,1,5,0,4,magento2,
2026-09-24,0.12.0,release,mautic/mautic,,7.2.1,,8cbb7ef874d52a411ae5a884f979acf6cc320181,196,2,2,2,1,10,2,6,0,2,mautic,
2026-09-24,0.12.0,release,akaunting/akaunting,,3.2.4,,3940b76b12cb86592dcb44147e8912742945a4c9,183,3,16,0,0,7,2,10,0,16,akaunting,
2026-09-24,0.12.0,release,invoiceninja/invoiceninja,,v5.13.43,,382020072bc79e8c7ede49f7e9ce91b0aeb1a051,245,0,0,0,2,7,2,9,0,0,invoiceninja,
2026-09-24,0.12.0,release,PrestaShop/PrestaShop,,9.1.5,,aee413eedd5fdc5053f28fb998da4b7e286cf641,227,1,4,3,0,8,3,17,2,4,prestashop,
2026-09-24,0.12.0,release,moodle/moodle,,v5.2.3,,344232c15336c71b80f9aca8359ce0e0a9f3d116,48,6,0,1,0,0,2,1,0,0,moodle,
2026-09-24,0.12.0,release,phpmyadmin/phpmyadmin,,RELEASE_5_2_3,,962857e4f63d42e38f11ff4d63f5e722018add76,58,4,2,1,0,9,2,0,1,2,phpmyadmin,
2026-09-24,0.12.0,release,phpbb/phpbb,,release-3.3.18,,99ed94dc28be582b77b9c8753ffa8cc8a5e1b069,40,10,4,1,0,16,1,2,0,4,phpbb,
2026-09-24,0.12.0,release,joomla/joomla-cms,,6.1.3,,0f2d4de4729eb951e0878fec98c7990da07915b2,89,1,2,0,2,2,0,4,1,2,joomla-cms,
2026-09-24,0.12.0,release,drupal/drupal,,11.4.7,,e0e7bfbc2d29f74e97ce98fd33df79aa97bed4e4,66,2,0,1,0,0,0,1,5,0,drupal,
2026-09-24,0.12.0,release,TYPO3/typo3,,v14.3.7,,07f4dc8267d1824a3021c00cd36c5ad8ee7f84a1,77,0,0,0,0,0,0,1,0,0,typo3,
2026-09-24,0.12.0,starter,,laravel/laravel,,v13.10.1,,76,0,0,0,0,0,0,1,0,0,new-laravel,
2026-09-24,0.12.0,starter,,symfony/skeleton,,v8.1.99,,1,0,0,0,0,0,0,0,0,0,new-symfony,
2026-09-24,0.12.0,starter,,symfony/skeleton,,v8.1.99,,133,0,0,0,0,0,0,2,0,0,new-symfony-webapp,
2026-09-24,0.12.0,starter,,symfony/skeleton,,v8.1.99,,47,0,0,0,0,0,0,1,0,0,new-api-platform,
2026-09-24,0.12.0,starter,,drupal/recommended-project,,11.4.7,,68,0,0,1,0,0,0,1,0,0,new-drupal,
2026-09-24,0.12.0,starter,,roots/bedrock,,1.31.6,,15,0,0,0,0,0,1,0,0,0,new-wordpress,
2026-09-24,0.12.0,starter,,shopware/production,,v6.7.14.2,,173,0,0,0,0,0,0,5,0,0,new-shopware,
2026-09-24,0.12.0,starter,,sylius/sylius-standard,,v2.2.4,,195,0,3,0,0,1,1,4,0,3,new-sylius,
2026-09-24,0.12.0,starter,,typo3/cms-base-distribution,,v14.3.0,,106,0,0,0,0,0,0,1,0,0,new-typo3,
2026-09-24,0.12.0,starter,,craftcms/craft,,5.8.0,,111,0,0,2,0,1,2,7,0,0,new-craft,
2026-09-24,0.12.0,starter,,statamic/statamic,,v6.5.1,,123,0,0,1,0,0,0,6,0,0,new-statamic,
2026-09-24,0.12.0,starter,,pimcore/skeleton,,v2026.2.0,,187,0,1,1,0,0,2,6,0,1,new-pimcore,
2026-09-24,0.12.0,starter,,slim/slim-skeleton,,4.5.0,,16,0,0,1,0,1,0,0,0,0,new-slim,
2026-09-24,0.12.0,starter,,cakephp/app,,5.4.0,,20,0,0,0,0,0,0,0,0,0,new-cakephp,
2026-09-24,0.12.0,starter,,yiisoft/yii2-app-basic,,2.0.55,,25,0,0,0,0,1,1,0,4,0,new-yii2,
2026-09-28,0.12.0,release,coollabsio/coolify,,v4.3.23,,e2e2d4010bcd590084b66d6f748f3eec8e2bbee9,161,1,0,2,0,0,0,4,0,0,coolify,6
2026-09-28,0.12.0,release,appwrite/appwrite,,2.3.0,,d66a7eff038e75f0066b3232d6a4e1b9eac7a64e,84,0,2,1,0,0,0,1,4,2,appwrite,2
2026-09-28,0.12.0,release,bagisto/bagisto,,v2.4.12,,805b67013134ebc53f1da1285f0aa6632f5dde62,167,0,0,0,0,2,1,6,0,0,bagisto,9
2026-09-28,0.12.0,release,monicahq/monica,,v4.1.2,,32028ce3ce79cef38df5d27a297e5b20680f0065,181,20,7,2,1,16,2,5,0,7,monica,28
2026-09-28,0.12.0,release,firefly-iii/firefly-iii,,v6.7.6,,7879e01a0f6aab52e9b5ae00d04b3f7e4c912079,132,0,0,1,1,0,0,6,0,0,firefly-iii,8
2026-09-28,0.12.0,release,matomo-org/matomo,,5.14.0,,9499b8a35efce4bb2d655ca24d9153576dcae39c,55,0,1,4,2,6,0,1,0,1,matomo,13
2026-09-28,0.12.0,release,BookStackApp/BookStack,,v26.09,,b5638a1c72f483c1cab535a78dcdb2977b5dc106,112,0,0,0,0,0,0,3,0,0,bookstack,3
2026-09-28,0.12.0,release,grokability/snipe-it,,v8.7.2,,f3f1dd722b167587c7819f3c518cc5b14475f89f,166,11,1,5,1,5,1,5,0,1,snipe-it,17
2026-09-28,0.12.0,release,wallabag/wallabag,,2.6.14,,74cbfd945bc316b5cf0308ba56e32fd2ed3443c0,210,19,27,10,1,54,3,6,0,27,wallabag,67
2026-09-28,0.12.0,release,magento/magento2,,2.4.9,,755e34dd689021c5165db9d35ecff74f7dc51527,148,14,4,0,0,1,1,5,0,4,magento2,7
2026-09-28,0.12.0,release,mautic/mautic,,7.2.1,,8cbb7ef874d52a411ae5a884f979acf6cc320181,196,2,2,2,1,10,2,6,0,2,mautic,21
2026-09-28,0.12.0,release,akaunting/akaunting,,3.2.4,,3940b76b12cb86592dcb44147e8912742945a4c9,183,3,16,0,0,7,2,9,0,16,akaunting,17
2026-09-28,0.12.0,release,invoiceninja/invoiceninja,,v5.13.43,,382020072bc79e8c7ede49f7e9ce91b0aeb1a051,245,0,0,0,2,7,2,8,0,0,invoiceninja,19
2026-09-28,0.12.0,release,PrestaShop/PrestaShop,,9.1.5,,aee413eedd5fdc5053f28fb998da4b7e286cf641,227,1,4,3,0,8,3,17,2,4,prestashop,35
2026-09-28,0.12.0,release,moodle/moodle,,v5.2.3,,344232c15336c71b80f9aca8359ce0e0a9f3d116,48,6,0,1,0,0,2,1,0,0,moodle,4
2026-09-28,0.12.0,release,phpmyadmin/phpmyadmin,,RELEASE_5_2_3,,962857e4f63d42e38f11ff4d63f5e722018add76,58,4,2,1,0,9,2,0,1,2,phpmyadmin,12
2026-09-28,0.12.0,release,phpbb/phpbb,,release-3.3.19,,10356c2c3be3804402c7616e18bb53d54c02f143,40,10,4,1,0,16,1,2,0,4,phpbb,13
2026-09-28,0.12.0,release,joomla/joomla-cms,,6.1.3,,0f2d4de4729eb951e0878fec98c7990da07915b2,89,1,2,0,2,2,0,4,1,2,joomla-cms,9
2026-09-28,0.12.0,release,drupal/drupal,,11.4.8,,61044508071749629aaf3380aa85971e94df9e84,66,2,0,1,0,0,0,1,5,0,drupal,2
2026-09-28,0.12.0,release,TYPO3/typo3,,v14.3.7,,07f4dc8267d1824a3021c00cd36c5ad8ee7f84a1,77,0,0,0,0,0,0,0,0,0,typo3,0
2026-09-28,0.12.0,starter,,laravel/laravel,,v13.10.1,,76,0,0,0,0,0,0,1,0,0,new-laravel,
2026-09-28,0.12.0,starter,,symfony/skeleton,,v8.1.99,,1,0,0,0,0,0,0,0,0,0,new-symfony,
2026-09-28,0.12.0,starter,,symfony/skeleton,,v8.1.99,,133,0,0,0,0,0,0,1,0,0,new-symfony-webapp,
2026-09-28,0.12.0,starter,,symfony/skeleton,,v8.1.99,,47,0,0,0,0,0,0,1,0,0,new-api-platform,
2026-09-28,0.12.0,starter,,drupal/recommended-project,,11.4.8,,68,0,0,1,0,0,0,1,0,0,new-drupal,
2026-09-28,0.12.0,starter,,roots/bedrock,,1.31.6,,15,0,0,0,0,0,1,0,0,0,new-wordpress,
2026-09-28,0.12.0,starter,,shopware/production,,v6.7.14.2,,173,0,0,0,0,0,0,4,0,0,new-shopware,
2026-09-28,0.12.0,starter,,sylius/sylius-standard,,v2.2.4,,195,0,3,0,0,1,1,4,0,3,new-sylius,
2026-09-28,0.12.0,starter,,typo3/cms-base-distribution,,v14.3.0,,106,0,0,0,0,0,0,0,0,0,new-typo3,
2026-09-28,0.12.0,starter,,craftcms/craft,,5.8.0,,111,0,0,2,0,1,2,6,0,0,new-craft,
2026-09-28,0.12.0,starter,,statamic/statamic,,v6.5.1,,123,0,0,1,0,0,0,5,0,0,new-statamic,
2026-09-28,0.12.0,starter,,pimcore/skeleton,,v2026.2.0,,187,0,1,1,0,0,2,5,0,1,new-pimcore,
2026-09-28,0.12.0,starter,,slim/slim-skeleton,,4.5.0,,16,0,0,1,0,1,0,0,0,0,new-slim,
2026-09-28,0.12.0,starter,,cakephp/app,,5.4.0,,20,0,0,0,0,0,0,0,0,0,new-cakephp,
2026-09-28,0.12.0,starter,,yiisoft/yii2-app-basic,,2.0.55,,25,0,0,0,0,1,1,0,4,0,new-yii2,
2026-10-01,0.13.0,release,coollabsio/coolify,,v4.3.23,,e2e2d4010bcd590084b66d6f748f3eec8e2bbee9,161,4,0,2,0,0,0,4,0,0,coolify,6
2026-10-01,0.13.0,release,appwrite/appwrite,,2.3.0,,d66a7eff038e75f0066b3232d6a4e1b9eac7a64e,84,0,2,1,0,0,0,1,4,2,appwrite,2
2026-10-01,0.13.0,release,bagisto/bagisto,,v2.4.12,,805b67013134ebc53f1da1285f0aa6632f5dde62,167,2,0,0,0,2,1,6,0,0,bagisto,9
2026-10-01,0.13.0,release,monicahq/monica,,v4.1.2,,32028ce3ce79cef38df5d27a297e5b20680f0065,181,21,7,2,1,16,2,5,0,7,monica,28
2026-10-01,0.13.0,release,firefly-iii/firefly-iii,,v6.7.6,,7879e01a0f6aab52e9b5ae00d04b3f7e4c912079,132,0,0,1,1,0,0,6,0,0,firefly-iii,8
2026-10-01,0.13.0,release,matomo-org/matomo,,5.14.0,,9499b8a35efce4bb2d655ca24d9153576dcae39c,55,0,1,4,2,6,0,1,0,1,matomo,13
2026-10-01,0.13.0,line,matomo-org/matomo,,4.16.2,,df6930e0a8efd23872980790264eec8a6361c49c,40,3,1,4,1,11,1,2,0,1,matomo-v4,18
2026-10-01,0.13.0,release,BookStackApp/BookStack,,v26.09.1,,31d94dd8b98e3334dc01b66bed6d514719a2f85d,112,0,0,0,0,0,0,3,0,0,bookstack,3
2026-10-01,0.13.0,release,grokability/snipe-it,,v8.8.0,,2c466fa8a5a68525439bf1bbbc24470d6670c516,167,6,1,5,1,5,1,5,0,1,snipe-it,17
2026-10-01,0.13.0,release,wallabag/wallabag,,2.6.14,,74cbfd945bc316b5cf0308ba56e32fd2ed3443c0,210,19,27,10,1,54,3,6,0,27,wallabag,67
2026-10-01,0.13.0,release,magento/magento2,,2.4.9,,755e34dd689021c5165db9d35ecff74f7dc51527,148,15,4,0,0,1,1,5,0,4,magento2,7
2026-10-01,0.13.0,release,mautic/mautic,,7.2.1,,8cbb7ef874d52a411ae5a884f979acf6cc320181,196,3,2,2,1,10,2,6,0,2,mautic,21
2026-10-01,0.13.0,line,mautic/mautic,,6.0.9,,bd92ad789274317c82f6e1e1179d56f7406bc702,198,13,4,2,1,16,3,6,0,4,mautic-v6,29
2026-10-01,0.13.0,line,mautic/mautic,,5.2.11,,03865b3dfbe0064df47d176b897bbfe1ba60e1d3,196,13,8,2,28,21,5,6,0,8,mautic-v5,68
2026-10-01,0.13.0,line,mautic/mautic,,4.4.13,,181701cd7ca43122c151e8a46700b223379fa8d1,195,25,16,2,2,72,8,8,0,16,mautic-v4,88
2026-10-01,0.13.0,release,akaunting/akaunting,,3.2.4,,3940b76b12cb86592dcb44147e8912742945a4c9,183,4,16,0,0,7,2,9,0,16,akaunting,17
2026-10-01,0.13.0,release,invoiceninja/invoiceninja,,v5.13.43,,382020072bc79e8c7ede49f7e9ce91b0aeb1a051,245,1,0,0,2,7,2,8,0,0,invoiceninja,19
2026-10-01,0.13.0,release,PrestaShop/PrestaShop,,9.2.0,,84db6bd3a3c1612535b15b9df934afd609085423,228,1,4,3,0,4,3,17,2,4,prestashop,31
2026-10-01,0.13.0,line,PrestaShop/PrestaShop,,8.2.8,,cf43060d5968a1b7bfd071b225c51af2b73d6063,179,10,9,4,3,27,8,17,0,9,prestashop-v8,65
2026-10-01,0.13.0,line,PrestaShop/PrestaShop,,1.7.8.11,,0a0b7c83f3ae4fbbc1aca0ac94332ec3184101f7,155,10,17,4,2,32,13,12,0,17,prestashop-v1,62
2026-10-01,0.13.0,release,moodle/moodle,,v5.2.3,,344232c15336c71b80f9aca8359ce0e0a9f3d116,48,6,0,1,0,0,2,1,0,0,moodle,4
2026-10-01,0.13.0,line,moodle/moodle,,v4.5.14,,ee32d48eb7b7c2dc32ea7312b6dd5c780485dd2e,0,0,0,0,0,0,0,0,0,0,moodle-v4,0
2026-10-01,0.13.0,line,moodle/moodle,,v3.11.18,,375a1163378f4fd5af36aa633c08c0431c9ad74b,0,0,0,0,0,0,0,0,0,0,moodle-v3,0
2026-10-01,0.13.0,release,phpmyadmin/phpmyadmin,,RELEASE_5_2_3,,962857e4f63d42e38f11ff4d63f5e722018add76,58,4,2,1,0,9,2,0,1,2,phpmyadmin,12
2026-10-01,0.13.0,release,phpbb/phpbb,,release-3.3.19,,10356c2c3be3804402c7616e18bb53d54c02f143,40,10,4,1,0,16,1,2,0,4,phpbb,13
2026-10-01,0.13.0,release,joomla/joomla-cms,,6.1.4,,fcd1b0c53ba683cb6bd66cb695254a81b03a354d,89,1,2,0,2,2,0,4,1,2,joomla-cms,9
2026-10-01,0.13.0,line,joomla/joomla-cms,,5.4.9,,955d7d3499f37df8676a683fc1241ee2e6ae37e9,93,2,2,0,3,3,0,4,1,2,joomla-cms-v5,11
2026-10-01,0.13.0,line,joomla/joomla-cms,,4.4.14,,e215057c5e76676b7711e603f36cdafaa21fe323,96,6,14,1,1,29,2,3,0,15,joomla-cms-v4,48
2026-10-01,0.13.0,release,drupal/drupal,,11.4.8,,61044508071749629aaf3380aa85971e94df9e84,66,2,0,1,0,0,0,1,5,0,drupal,2
2026-10-01,0.13.0,line,drupal/drupal,,10.6.18,,9d47634cb715e6460026af444314950b99ee7b75,57,1,0,1,0,0,0,1,3,0,drupal-v10,2
2026-10-01,0.13.0,release,TYPO3/typo3,,v14.3.7,,07f4dc8267d1824a3021c00cd36c5ad8ee7f84a1,77,0,0,0,0,0,0,0,0,0,typo3,0
2026-10-01,0.13.0,line,TYPO3/typo3,,v13.4.35,,c758ca298e81a1f10ee86d308ed1a7152f413b9e,75,0,1,0,0,0,0,0,0,1,typo3-v13,0
2026-10-01,0.13.0,line,TYPO3/typo3,,v12.4.45,,b565e4cce62df1a5ccc371188d1eb68c80d695f0,71,9,1,0,0,0,0,0,0,1,typo3-v12,0
2026-10-01,0.13.0,line,TYPO3/typo3,,v11.5.41,,042fafc21d4aa778652316c04718937f71806f9f,75,11,2,0,0,6,0,1,0,2,typo3-v11,9
2026-10-01,0.13.0,starter,,laravel/laravel,,v13.10.1,,76,0,0,0,0,0,0,1,0,0,new-laravel,1
2026-10-01,0.13.0,starter,,symfony/skeleton,,v8.1.99,,1,0,0,0,0,0,0,0,0,0,new-symfony,0
2026-10-01,0.13.0,starter,,symfony/skeleton,,v8.1.99,,133,0,0,0,0,0,0,1,0,0,new-symfony-webapp,1
2026-10-01,0.13.0,starter,,symfony/skeleton,,v8.1.99,,47,0,0,0,0,0,0,1,0,0,new-api-platform,1
2026-10-01,0.13.0,starter,,drupal/recommended-project,,11.4.8,,68,0,0,1,0,0,0,1,0,0,new-drupal,2
2026-10-01,0.13.0,starter,,roots/bedrock,,1.31.6,,15,0,0,0,0,0,1,0,0,0,new-wordpress,1
2026-10-01,0.13.0,starter,,shopware/production,,v6.7.15.0,,173,0,0,0,0,0,0,4,0,0,new-shopware,4
2026-10-01,0.13.0,starter,,sylius/sylius-standard,,v2.2.4,,194,0,3,0,0,1,1,4,0,3,new-sylius,6
2026-10-01,0.13.0,starter,,typo3/cms-base-distribution,,v14.3.0,,106,0,0,0,0,0,0,0,0,0,new-typo3,0
2026-10-01,0.13.0,starter,,craftcms/craft,,5.8.0,,111,0,0,2,0,1,2,6,0,0,new-craft,11
2026-10-01,0.13.0,starter,,statamic/statamic,,v6.5.1,,123,0,0,1,0,0,0,5,0,0,new-statamic,6
2026-10-01,0.13.0,starter,,pimcore/skeleton,,v2026.3.0,,191,0,1,1,0,0,2,5,0,1,new-pimcore,8
2026-10-01,0.13.0,starter,,slim/slim-skeleton,,4.5.0,,16,0,0,1,0,1,0,0,0,0,new-slim,2
2026-10-01,0.13.0,starter,,cakephp/app,,5.4.0,,20,0,0,0,0,0,0,0,0,0,new-cakephp,0
2026-10-01,0.13.0,starter,,yiisoft/yii2-app-basic,,2.0.55,,25,0,0,0,0,1,1,0,4,0,new-yii2,2
